{"cameraMode":{"drawMode":0,"name":"Shaded","section":"Shading Mode"},"sceneLighting":true,"audioPlay":false,"sceneViewState":{"showFog":true,"showMaterialUpdate":false,"showSkybox":true,"showFlares":true,"showImageEffects":true,"showParticleSystems":true},"in2DMode":false,"pivot":{"x":1.7532542943954468,"y":1.5726038217544556,"z":1.0228039026260377},"rotation":{"x":-0.007792739197611809,"y":0.978773295879364,"z":-0.2012719213962555,"w":-0.037897154688835147},"size":1.1386065483093262,"orthographic":false}